INSERT INTO category (id_category, category_name) VALUES
(1, 'Fruits'),
(2, 'Vegetables'),
(3, 'Meat products'),
(4, 'Sport'),
(5, 'Confectionery'),
(6, "Pet's food");

INSERT INTO product (id_product, product_name, price, category_id) VALUES
(1, 'Apples', 114.50, 1),
(2, 'Bananas', 128.90, 1),
(3, 'Pears', 116.12, 1),
(4, 'Potatoes', 112.89, 2),
(5, 'Garlic', 124.12, 2),
(6, 'Onion', 113.15, 2),
(7, 'Chiken', 290.22, 3),
(8, 'Pork', 1399.99, 3),
(9, 'Beef', 451.12, 3),
(10, 'Bike', 1588.90, 4),
(11, 'Boxing gloves', 660.14, 4),
(12, 'Cake', 1350.12, 5),
(13, 'Pie', 459.51, 5),
(14, 'Oranges', 165.89, 1),
(15, "Hamster's food", 1459.51, 6),
(16, 'Mandarin', 128.90, 1),
(17, 'Beetroot', 124.12, 2),
(18, 'Cherry pie', 459.51, 5);

INSERT INTO buyer (id_buyer, firstname, lastname) VALUES
(1, 'Eugene', 'Denkevich'),
(2, 'Maxim', 'Novik'),
(3, 'Leonid', 'Borushko'),
(4, 'Ivan', 'Gvozdovsky'),
(5, 'Vitaly', 'Dzatlovsky'),
(6, 'Alexander', 'Areshko'),
(7, 'Ivan', 'Ivanov'),
(8, 'Simon', 'Novikovsky'),
(9, 'Helena', 'Dashkovskaya');

INSERT INTO purchase (id_order, buyer_id, product_id) VALUES
(1, 1, 1),
(2, 1, 2),
(3, 2, 1),
(4, 2, 11),
(5, 2, 13),
(6, 3, 4),
(7, 3, 10),
(8, 4, 3),
(9, 4, 4),
(10, 4, 9),
(11, 5, 1),
(12, 5, 6),
(13, 5, 7),
(14, 5, 12),
(15, 6, 2),
(16, 6, 5),
(17, 6, 13),
(18, 7, 7),
(19, 7, 8),
(20, 7, 9),
(21, 7, 11),
(22, (SELECT id_buyer FROM buyer WHERE firstname='Ivan' AND lastname='Gvozdovsky'),
	 (SELECT id_product FROM product WHERE product_name='Garlic')),
(23, 1, 1),
(24, 2, 1),
(25, 3, 1),
(26, 3, 4),
(27, 7, 4),
(28, 3, 4),
(29, 4, 6),
(30, 4, 7),
(31, 6, 7),
(32, 6, 7),
(33, 5, 7),
(34, 4, 2),
(35, 4, 2),
(36, 3, 3),
(37, 6, 18);